{
  "type": "FeatureCollection",
  "features": [
    {
      "type": "Feature",
      "properties": {
        "id": "VVHM",
        "name": "Ho Chi Minh FIR",
        "ring_count": 3,
        "total_points": 758
      },
      "geometry": {
        "type": "Polygon",
        "coordinates": [
          [
            [
              103.0,
              7.0
            ],
            [
              102.666666667,
              9.0
            ],
            [
              103.733333333,
              10.366666667
            ],
            [
              103.776388889,
              10.445277778
            ],
            [
              103.829166667,
              10.539444444
            ],
            [
              103.861944444,
              10.691666667
            ],
            [
              103.927222222,
              10.591388889
            ],
            [
              104.094166667,
              10.547222222
            ],
            [
              104.239722222,
              10.568888889
            ],
            [
              104.263611111,
              10.551944444
            ],
            [
              104.291944444,
              10.476666667
            ],
            [
              104.3,
              10.5
            ],
            [
              104.433511131,
              10.421220561
            ],
            [
              104.439255107,
              10.422691831
            ],
            [
              104.449284662,
              10.425260528
            ],
            [
              104.45181472,
              10.425811263
            ],
            [
              104.452742183,
              10.42605847
            ],
            [
              104.454420587,
              10.426505809
            ],
            [
              104.455577078,
              10.426814051
            ],
            [
              104.460036506,
              10.428171511
            ],
            [
              104.463149956,
              10.429214585
            ],
            [
              104.477813372,
              10.431525573
            ],
            [
              104.485343582,
              10.425086007
            ],
            [
              104.489605161,
              10.421376932
            ],
            [
              104.489816853,
              10.418233043
            ],
            [
              104.492573416,
              10.414243512
            ],
            [
              104.498512428,
              10.406915708
            ],
            [
              104.500590983,
              10.410383833
            ],
            [
              104.502454241,
              10.413707985
            ],
            [
              104.508360111,
              10.425384185
            ],
            [
              104.510056719,
              10.428647172
            ],
            [
              104.510072055,
              10.428673088
            ],
            [
              104.512198249,
              10.43277983
            ],
            [
              104.513696845,
              10.435729774
            ],
            [
              104.514766091,
              10.438057102
            ],
            [
              104.515826928,
              10.440132733
            ],
            [
              104.517069101,
              10.441684969
            ],
            [
              104.518470847,
              10.442896884
            ],
            [
              104.520244313,
              10.444099299
            ],
            [
              104.524481516,
              10.44677772
            ],
            [
              104.526077863,
              10.447810518
            ],
            [
              104.527480613,
              10.448615735
            ],
            [
              104.528836923,
              10.448819305
            ],
            [
              104.532620995,
              10.449045375
            ],
            [
              104.538708761,
              10.449378958
            ],
            [
              104.541485713,
              10.449456505
            ],
            [
              104.541905821,
              10.449538733
            ],
            [
              104.54232803,
              10.449736271
            ],
            [
              104.543175097,
              10.450361446
            ],
            [
              104.546266434,
              10.453313066
            ],
            [
              104.547511343,
              10.454580973
            ],
            [
              104.551001093,
              10.458243294
            ],
            [
              104.553758379,
              10.465576127
            ],
            [
              104.555081948,
              10.470056675
            ],
            [
              104.555961067,
              10.47283613
            ],
            [
              104.557500009,
              10.481547963
            ],
            [
              104.557647355,
              10.483024366
            ],
            [
              104.558008568,
              10.4875614
            ],
            [
              104.558079763,
              10.490204259
            ],
            [
              104.558049016,
              10.491289318
            ],
            [
              104.557999835,
              10.492267428
            ],
            [
              104.557999038,
              10.492828665
            ],
            [
              104.558181509,
              10.493738888
            ],
            [
              104.55887768,
              10.494479712
            ],
            [
              104.560253102,
              10.495452636
            ],
            [
              104.561389994,
              10.495865821
            ],
            [
              104.562298649,
              10.496084373
            ],
            [
              104.563511795,
              10.496513449
            ],
            [
              104.564264678,
              10.496875899
            ],
            [
              104.566736138,
              10.498680866
            ],
            [
              104.567988257,
              10.499649039
            ],
            [
              104.568599524,
              10.500045657
            ],
            [
              104.569669075,
              10.50065154
            ],
            [
              104.572181494,
              10.501735828
            ],
            [
              104.57470332,
              10.502403664
            ],
            [
              104.578062826,
              10.503347405
            ],
            [
              104.579232272,
              10.503895598
            ],
            [
              104.5810399,
              10.50487308
            ],
            [
              104.582240692,
              10.505883582
            ],
            [
              104.583924955,
              10.508156601
            ],
            [
              104.584913014,
              10.510161925
            ],
            [
              104.585423161,
              10.514692074
            ],
            [
              104.585867423,
              10.529008921
            ],
            [
              104.596375292,
              10.534173716
            ],
            [
              104.599000587,
              10.535773742
            ],
            [
              104.605984611,
              10.535250236
            ],
            [
              104.608491753,
              10.534357708
            ],
            [
              104.616247823,
              10.529798529
            ],
            [
              104.616411802,
              10.529719003
            ],
            [
              104.619986752,
              10.529808788
            ],
            [
              104.646194513,
              10.532698199
            ],
            [
              104.645564215,
              10.541047119
            ],
            [
              104.679345685,
              10.540110214
            ],
            [
              104.690201,
              10.53924357
            ],
            [
              104.705427707,
              10.535363978
            ],
            [
              104.706525172,
              10.535136255
            ],
            [
              104.715060618,
              10.533365006
            ],
            [
              104.75183563,
              10.521302789
            ],
            [
              104.754547894,
              10.518732164
            ],
            [
              104.770017286,
              10.519064309
            ],
            [
              104.778436978,
              10.51930822
            ],
            [
              104.869727307,
              10.521938426
            ],
            [
              104.897678078,
              10.547622398
            ],
            [
              104.935375553,
              10.614144117
            ],
            [
              104.95757367,
              10.639302631
            ],
            [
              104.957836863,
              10.639467106
            ],
            [
              104.959411242,
              10.640462008
            ],
            [
              104.972119445,
              10.648479408
            ],
            [
              105.001789537,
              10.667194152
            ],
            [
              105.00633492,
              10.669809411
            ],
            [
              105.019244862,
              10.677236726
            ],
            [
              105.02207956,
              10.678867454
            ],
            [
              105.022601288,
              10.679167584
            ],
            [
              105.025021152,
              10.68055963
            ],
            [
              105.0485795,
              10.694110109
            ],
            [
              105.064248811,
              10.703121252
            ],
            [
              105.077060247,
              10.710487895
            ],
            [
              105.07960471665467,
              10.71195086278334
            ],
            [
              105.079604716,
              10.711950872
            ],
            [
              105.07979529239206,
              10.712060436172665
            ],
            [
              105.080919195,
              10.712706635
            ],
            [
              105.08091919876587,
              10.712706580591028
            ],
            [
              105.096970344,
              10.721934536
            ],
            [
              105.091454252,
              10.756017447
            ],
            [
              105.075065181,
              10.777785242
            ],
            [
              105.06604881,
              10.781872164
            ],
            [
              105.063344605,
              10.796384177
            ],
            [
              105.059152667,
              10.807018547
            ],
            [
              105.059155274,
              10.820315117
            ],
            [
              105.035307296,
              10.868093492
            ],
            [
              105.029026585,
              10.891211752
            ],
            [
              105.042968928,
              10.901602779
            ],
            [
              105.040561264,
              10.910846371
            ],
            [
              105.049981189,
              10.917938211
            ],
            [
              105.04953976,
              10.92601899
            ],
            [
              105.051157549,
              10.929388116
            ],
            [
              105.065614616,
              10.939641464
            ],
            [
              105.074808692,
              10.939980283
            ],
            [
              105.077039689,
              10.953810747
            ],
            [
              105.080003191,
              10.956792845
            ],
            [
              105.096940712,
              10.954793919
            ],
            [
              105.114578014,
              10.961756308
            ],
            [
              105.117238212,
              10.959968497
            ],
            [
              105.117388992,
              10.945495403
            ],
            [
              105.114386885,
              10.939676698
            ],
            [
              105.100087323,
              10.92551497
            ],
            [
              105.099172984,
              10.921354576
            ],
            [
              105.101363427,
              10.919592586
            ],
            [
              105.109997468,
              10.918387109
            ],
            [
              105.157158493,
              10.923729701
            ],
            [
              105.180522761,
              10.912230276
            ],
            [
              105.19898908,
              10.911657266
            ],
            [
              105.216508801,
              10.900669386
            ],
            [
              105.238933108,
              10.893046127
            ],
            [
              105.265050081,
              10.897397284
            ],
            [
              105.265611152,
              10.895044166
            ],
            [
              105.274827986,
              10.888738733
            ],
            [
              105.285536685,
              10.887330031
            ],
            [
              105.337777853,
              10.859945628
            ],
            [
              105.337631081,
              10.86543465
            ],
            [
              105.340310816,
              10.868325845
            ],
            [
              105.345101909,
              10.86739738
            ],
            [
              105.35169003,
              10.873720587
            ],
            [
              105.351533813,
              10.878500738
            ],
            [
              105.356746588,
              10.883921085
            ],
            [
              105.357877495,
              10.88884961
            ],
            [
              105.366809648,
              10.889112945
            ],
            [
              105.367665852,
              10.897594972
            ],
            [
              105.369972202,
              10.898754646
            ],
            [
              105.370640055,
              10.903026774
            ],
            [
              105.374142801,
              10.905566233
            ],
            [
              105.37780928,
              10.903816489
            ],
            [
              105.379337427,
              10.912201386
            ],
            [
              105.383894414,
              10.918429529
            ],
            [
              105.390049519,
              10.922383277
            ],
            [
              105.391910959,
              10.925577191
            ],
            [
              105.394758466,
              10.926185328
            ],
            [
              105.395750024,
              10.929049629
            ],
            [
              105.398229799,
              10.928681481
            ],
            [
              105.405421817,
              10.931672245
            ],
            [
              105.40588785,
              10.937460115
            ],
            [
              105.425562433,
              10.974282578
            ],
            [
              105.433848029,
              10.97454089
            ],
            [
              105.437257602,
              10.968988235
            ],
            [
              105.440649059,
              10.967488182
            ],
            [
              105.443039143,
              10.962024441
            ],
            [
              105.452186111,
              10.956869058
            ],
            [
              105.455047777,
              10.957513478
            ],
            [
              105.464796703,
              10.965946602
            ],
            [
              105.470519116,
              10.964773807
            ],
            [
              105.473588333,
              10.966286663
            ],
            [
              105.484430561,
              10.959380994
            ],
            [
              105.484478467,
              10.953677833
            ],
            [
              105.494384878,
              10.950309002
            ],
            [
              105.497854101,
              10.95478417
            ],
            [
              105.505792973,
              10.950873315
            ],
            [
              105.534683823,
              10.954028732
            ],
            [
              105.556344726,
              10.962448815
            ],
            [
              105.57407679,
              10.964577365
            ],
            [
              105.66700784,
              10.989271418
            ],
            [
              105.693175441,
              11.002488698
            ],
            [
              105.706799933,
              11.015706785
            ],
            [
              105.716822044,
              11.022214701
            ],
            [
              105.727784029,
              11.02685388
            ],
            [
              105.738173386,
              11.028881485
            ],
            [
              105.753087095,
              11.028098355
            ],
            [
              105.777646786,
              11.033821232
            ],
            [
              105.779585331,
              11.033354784
            ],
            [
              105.808987288,
              10.972665816
            ],
            [
              105.839210548,
              10.935359472
            ],
            [
              105.864253234,
              10.89975525
            ],
            [
              105.848699768,
              10.866247602
            ],
            [
              105.849673173,
              10.863585264
            ],
            [
              105.899259993,
              10.844434186
            ],
            [
              105.934168502,
              10.839233333
            ],
            [
              105.934758368,
              10.845477882
            ],
            [
              105.928808412,
              10.849283536
            ],
            [
              105.930256661,
              10.852074288
            ],
            [
              105.927559072,
              10.859176975
            ],
            [
              105.928847121,
              10.86516338
            ],
            [
              105.931965665,
              10.868395175
            ],
            [
              105.934579953,
              10.86773321
            ],
            [
              105.940056267,
              10.874642722
            ],
            [
              105.94477009,
              10.874517152
            ],
            [
              105.949684191,
              10.881967895
            ],
            [
              105.954769812,
              10.88441757
            ],
            [
              105.949529276,
              10.888064923
            ],
            [
              105.950463503,
              10.895816948
            ],
            [
              105.942595355,
              10.909672933
            ],
            [
              105.942400252,
              10.915279499
            ],
            [
              105.944876808,
              10.917715501
            ],
            [
              105.973247921,
              10.892724729
            ],
            [
              106.009912288,
              10.855933115
            ],
            [
              106.070989627,
              10.812367076
            ],
            [
              106.09588903,
              10.808039361
            ],
            [
              106.164436878,
              10.811681883
            ],
            [
              106.189815885,
              10.790589497
            ],
            [
              106.187753367,
              10.837763769
            ],
            [
              106.161950771,
              10.887524905
            ],
            [
              106.13734991,
              10.915984132
            ],
            [
              106.151785019,
              10.942590462
            ],
            [
              106.145765734,
              10.953022992
            ],
            [
              106.146041847,
              10.965180685
            ],
            [
              106.144002698,
              10.976153403
            ],
            [
              106.145923228,
              10.979487742
            ],
            [
              106.150575911,
              10.980344624
            ],
            [
              106.154444437,
              10.983286366
            ],
            [
              106.162198701,
              10.980141075
            ],
            [
              106.170368297,
              10.980243555
            ],
            [
              106.178654126,
              10.975443917
            ],
            [
              106.191152334,
              10.972716518
            ],
            [
              106.205334841,
              10.976460846
            ],
            [
              106.196471081,
              10.993818991
            ],
            [
              106.189390169,
              11.045803618
            ],
            [
              106.186918447,
              11.054067393
            ],
            [
              106.174481233,
              11.076126884
            ],
            [
              106.15675423,
              11.098481506
            ],
            [
              106.153148303,
              11.101796991
            ],
            [
              106.150365593,
              11.10208277
            ],
            [
              106.145910441,
              11.101824617
            ],
            [
              106.122470782,
              11.087330411
            ],
            [
              106.108496398,
              11.072524414
            ],
            [
              106.104629754,
              11.071427317
            ],
            [
              106.102378827,
              11.072674129
            ],
            [
              106.099017185,
              11.078507763
            ],
            [
              106.100054869,
              11.087917272
            ],
            [
              106.098437319,
              11.091019635
            ],
            [
              106.085423434,
              11.099836736
            ],
            [
              106.079981459,
              11.098024858
            ],
            [
              106.076648453,
              11.098647263
            ],
            [
              106.06890749,
              11.11005219
            ],
            [
              106.051672338,
              11.126695535
            ],
            [
              106.042426746,
              11.132344178
            ],
            [
              106.026903914,
              11.138717791
            ],
            [
              106.021156166,
              11.144555258
            ],
            [
              106.017841777,
              11.152270678
            ],
            [
              106.014650556,
              11.190425891
            ],
            [
              105.999934155,
              11.190697942
            ],
            [
              105.989603893,
              11.192603606
            ],
            [
              105.97473968,
              11.198407362
            ],
            [
              105.967347986,
              11.196016669
            ],
            [
              105.940268712,
              11.207388667
            ],
            [
              105.933000398,
              11.214497402
            ],
            [
              105.923479375,
              11.219935372
            ],
            [
              105.911079818,
              11.240294225
            ],
            [
              105.909169965,
              11.248066738
            ],
            [
              105.906781782,
              11.250653368
            ],
            [
              105.906965674,
              11.255942996
            ],
            [
              105.910309931,
              11.262492339
            ],
            [
              105.908108026,
              11.283343548
            ],
            [
              105.878260796,
              11.286950396
            ],
            [
              105.865379626,
              11.281872685
            ],
            [
              105.862815379,
              11.290272919
            ],
            [
              105.870795302,
              11.306795274
            ],
            [
              105.866862286,
              11.317517545
            ],
            [
              105.883093953,
              11.358953435
            ],
            [
              105.882393784,
              11.368147518
            ],
            [
              105.870349021,
              11.373218972
            ],
            [
              105.878820663,
              11.390698538
            ],
            [
              105.871565976,
              11.402560614
            ],
            [
              105.902248252,
              11.427077104
            ],
            [
              105.904923228,
              11.447792636
            ],
            [
              105.876015754,
              11.461143364
            ],
            [
              105.880913505,
              11.48167402
            ],
            [
              105.886282218,
              11.483246915
            ],
            [
              105.883448954,
              11.541228928
            ],
            [
              105.861897671,
              11.567154665
            ],
            [
              105.827387839,
              11.565295697
            ],
            [
              105.819607201,
              11.571861579
            ],
            [
              105.812060492,
              11.587879691
            ],
            [
              105.812650963,
              11.616881119
            ],
            [
              105.828338236,
              11.618709861
            ],
            [
              105.836637145,
              11.648985204
            ],
            [
              105.881664893,
              11.677153227
            ],
            [
              105.95328079,
              11.639474318
            ],
            [
              105.980992032,
              11.668634496
            ],
            [
              105.976592866,
              11.684154718
            ],
            [
              105.994319062,
              11.703320206
            ],
            [
              106.000249843,
              11.702358072
            ],
            [
              106.013562304,
              11.724540946
            ],
            [
              106.012170702,
              11.756512425
            ],
            [
              106.020903623,
              11.772650372
            ],
            [
              106.041481159,
              11.779080661
            ],
            [
              106.069189125,
              11.776190256
            ],
            [
              106.090646071,
              11.76625901
            ],
            [
              106.107348398,
              11.746494883
            ],
            [
              106.138828637,
              11.745070154
            ],
            [
              106.15388043,
              11.737575975
            ],
            [
              106.169957824,
              11.749962075
            ],
            [
              106.17994071,
              11.747690886
            ],
            [
              106.188452595,
              11.754160039
            ],
            [
              106.209279672,
              11.731028314
            ],
            [
              106.229266032,
              11.731686437
            ],
            [
              106.266540018,
              11.720001826
            ],
            [
              106.269115518,
              11.706052632
            ],
            [
              106.300024769,
              11.675296501
            ],
            [
              106.33136568,
              11.686488744
            ],
            [
              106.33737299,
              11.681443318
            ],
            [
              106.369601659,
              11.697080613
            ],
            [
              106.397475851,
              11.692672037
            ],
            [
              106.433078416,
              11.671899283
            ],
            [
              106.450996828,
              11.673181151
            ],
            [
              106.451129313,
              11.689927387
            ],
            [
              106.435695287,
              11.702655692
            ],
            [
              106.41270663,
              11.766343046
            ],
            [
              106.443935551,
              11.82416503
            ],
            [
              106.436380327,
              11.838625127
            ],
            [
              106.438633193,
              11.857844218
            ],
            [
              106.446877426,
              11.86805121
            ],
            [
              106.465148485,
              11.869461441
            ],
            [
              106.412601029,
              11.971413127
            ],
            [
              106.431870262,
              11.970884495
            ],
            [
              106.442646685,
              11.985093058
            ],
            [
              106.455244875,
              11.986622597
            ],
            [
              106.473050802,
              11.970051079
            ],
            [
              106.495445665,
              11.968128625
            ],
            [
              106.519268948,
              11.979741225
            ],
            [
              106.536728837,
              11.974550094
            ],
            [
              106.530431121,
              11.968928118
            ],
            [
              106.626920827,
              11.974641692
            ],
            [
              106.632691823,
              11.962290081
            ],
            [
              106.640060427,
              11.975932083
            ],
            [
              106.657755323,
              11.965059597
            ],
            [
              106.648056457,
              11.980259871
            ],
            [
              106.656086259,
              11.990083582
            ],
            [
              106.675783842,
              11.98085261
            ],
            [
              106.683439495,
              11.9668977
            ],
            [
              106.694698137,
              11.964923048
            ],
            [
              106.699303704,
              11.973195674
            ],
            [
              106.710833256,
              11.96903144
            ],
            [
              106.734711567,
              11.989343745
            ],
            [
              106.745982369,
              12.011206372
            ],
            [
              106.744536507,
              12.021135467
            ],
            [
              106.759178018,
              12.032367031
            ],
            [
              106.779699143,
              12.074052536
            ],
            [
              106.792280559,
              12.084734901
            ],
            [
              106.823075457,
              12.084982837
            ],
            [
              106.855092146,
              12.069241007
            ],
            [
              106.883540735,
              12.075558243
            ],
            [
              106.919135972,
              12.063245175
            ],
            [
              106.945149873,
              12.067656619
            ],
            [
              106.964366466,
              12.083011256
            ],
            [
              107.001878521,
              12.094006481
            ],
            [
              107.014094107,
              12.108227763
            ],
            [
              107.013284038,
              12.118378145
            ],
            [
              107.017821453,
              12.115321864
            ],
            [
              107.04609981,
              12.12963887
            ],
            [
              107.062153962,
              12.155502398
            ],
            [
              107.080972976,
              12.162029226
            ],
            [
              107.082391612,
              12.170086398
            ],
            [
              107.072585378,
              12.178035112
            ],
            [
              107.0769446,
              12.184597099
            ],
            [
              107.093367661,
              12.17991638
            ],
            [
              107.111540493,
              12.216027129
            ],
            [
              107.140638419,
              12.230217317
            ],
            [
              107.139742103,
              12.244900614
            ],
            [
              107.157062232,
              12.274978975
            ],
            [
              107.184838023,
              12.282611086
            ],
            [
              107.193476877,
              12.29324086
            ],
            [
              107.230952953,
              12.294180136
            ],
            [
              107.270003398,
              12.323623968
            ],
            [
              107.282593023,
              12.320520966
            ],
            [
              107.309480926,
              12.330906594
            ],
            [
              107.317985722,
              12.319831866
            ],
            [
              107.344982208,
              12.333072716
            ],
            [
              107.373750936,
              12.304231023
            ],
            [
              107.375132303,
              12.29497819
            ],
            [
              107.384771304,
              12.296262249
            ],
            [
              107.388898071,
              12.271494189
            ],
            [
              107.416891118,
              12.243944171
            ],
            [
              107.434295823,
              12.246795013
            ],
            [
              107.443024162,
              12.263742734
            ],
            [
              107.439142889,
              12.271295633
            ],
            [
              107.445207683,
              12.292423015
            ],
            [
              107.463001532,
              12.294639082
            ],
            [
              107.4682168,
              12.311452493
            ],
            [
              107.511042615,
              12.327190528
            ],
            [
              107.53732015,
              12.349803753
            ],
            [
              107.545295647,
              12.349315032
            ],
            [
              107.546432021,
              12.3717366
            ],
            [
              107.556193301,
              12.379611526
            ],
            [
              107.545667676,
              12.397234086
            ],
            [
              107.545715835,
              12.412563291
            ],
            [
              107.567395363,
              12.449039078
            ],
            [
              107.567990303,
              12.47145999
            ],
            [
              107.579652642,
              12.481416198
            ],
            [
              107.582802487,
              12.495037806
            ],
            [
              107.564127544,
              12.522044688
            ],
            [
              107.578400527,
              12.533410121
            ],
            [
              107.577257404,
              12.541150795
            ],
            [
              107.591455147,
              12.558486457
            ],
            [
              107.581574995,
              12.575597857
            ],
            [
              107.587168158,
              12.603409162
            ],
            [
              107.570899367,
              12.642858494
            ],
            [
              107.575745772,
              12.6499804
            ],
            [
              107.573024588,
              12.666616824
            ],
            [
              107.583804135,
              12.679651662
            ],
            [
              107.561331087,
              12.710914306
            ],
            [
              107.569270464,
              12.729210426
            ],
            [
              107.562133285,
              12.748094002
            ],
            [
              107.564768054,
              12.786856726
            ],
            [
              107.554088555,
              12.806245529
            ],
            [
              107.556073663,
              12.817621286
            ],
            [
              107.513036933,
              12.857753025
            ],
            [
              107.512450639,
              12.870460108
            ],
            [
              107.500020579,
              12.877983609
            ],
            [
              107.493008048,
              12.89568874
            ],
            [
              107.504121959,
              12.91616792
            ],
            [
              107.485722574,
              12.945280953
            ],
            [
              107.488728429,
              12.969003932
            ],
            [
              107.505982473,
              12.975372852
            ],
            [
              107.498182437,
              12.986164176
            ],
            [
              107.499986976,
              12.998978816
            ],
            [
              107.492653927,
              13.001764809
            ],
            [
              107.489684937,
              13.033123788
            ],
            [
              107.607777959,
              13.305518216
            ],
            [
              107.631736818,
              13.36068155
            ],
            [
              107.617352058,
              13.529711648
            ],
            [
              107.572199693,
              13.622032736
            ],
            [
              107.569409012,
              13.665028494
            ],
            [
              107.55032453,
              13.691119885
            ],
            [
              107.533545646,
              13.74268289
            ],
            [
              107.48716953,
              13.774676887
            ],
            [
              107.47387348,
              13.77768743
            ],
            [
              107.450321163,
              13.793629968
            ],
            [
              107.458654708,
              13.804821881
            ],
            [
              107.46197168,
              13.81631065
            ],
            [
              107.456204975,
              13.823835214
            ],
            [
              107.456017226,
              13.827805615
            ],
            [
              107.467910565,
              13.841812323
            ],
            [
              107.474360335,
              13.857241685
            ],
            [
              107.458736599,
              13.865880374
            ],
            [
              107.454176159,
              13.871019842
            ],
            [
              107.457328824,
              13.878527208
            ],
            [
              107.470715196,
              13.890639215
            ],
            [
              107.473040336,
              13.916870649
            ],
            [
              107.47077376,
              13.921258375
            ],
            [
              107.457021445,
              13.920949948
            ],
            [
              107.451705934,
              13.930048795
            ],
            [
              107.452741584,
              13.978281442
            ],
            [
              107.444476149,
              13.986590475
            ],
            [
              107.441671463,
              13.99641147
            ],
            [
              107.430165612,
              13.992086114
            ],
            [
              107.426730862,
              13.997158466
            ],
            [
              107.422740949,
              13.993468793
            ],
            [
              107.405506438,
              13.987896952
            ],
            [
              107.396307562,
              13.989925815
            ],
            [
              107.385242937,
              13.987913268
            ],
            [
              107.368930153,
              14.008427231
            ],
            [
              107.358484259,
              14.015597941
            ],
            [
              107.356427499,
              14.017819715
            ],
            [
              107.35725606,
              14.027082184
            ],
            [
              107.364602088,
              14.039641537
            ],
            [
              107.360313746,
              14.050923913
            ],
            [
              107.364303159,
              14.058185395
            ],
            [
              107.364121606,
              14.064328865
            ],
            [
              107.380765978,
              14.064860541
            ],
            [
              107.383207984,
              14.076192616
            ],
            [
              107.380093224,
              14.082596746
            ],
            [
              107.359801084,
              14.084418557
            ],
            [
              107.354483285,
              14.09084404
            ],
            [
              107.348249452,
              14.091484285
            ],
            [
              107.344264014,
              14.096621902
            ],
            [
              107.34106986,
              14.095378255
            ],
            [
              107.331860614,
              14.104274678
            ],
            [
              107.340103758,
              14.132585823
            ],
            [
              107.353989365,
              14.149948227
            ],
            [
              107.352690912,
              14.154596197
            ],
            [
              107.361448284,
              14.161115354
            ],
            [
              107.358856387,
              14.170874814
            ],
            [
              107.368007048,
              14.1798232
            ],
            [
              107.376442567,
              14.17881264
            ],
            [
              107.387766319,
              14.208133075
            ],
            [
              107.393547495,
              14.210740456
            ],
            [
              107.395388126,
              14.222773257
            ],
            [
              107.406405705,
              14.23425017
            ],
            [
              107.399839158,
              14.250075512
            ],
            [
              107.408037569,
              14.261116964
            ],
            [
              107.409948009,
              14.268050205
            ],
            [
              107.405854715,
              14.286168241
            ],
            [
              107.407073882,
              14.297164116
            ],
            [
              107.405046392,
              14.302283174
            ],
            [
              107.397263213,
              14.307460363
            ],
            [
              107.397434857,
              14.312093689
            ],
            [
              107.390989695,
              14.316446092
            ],
            [
              107.390974028,
              14.32652755
            ],
            [
              107.399864665,
              14.3332745
            ],
            [
              107.401670645,
              14.341831035
            ],
            [
              107.409202521,
              14.347432505
            ],
            [
              107.410536471,
              14.357615942
            ],
            [
              107.408391232,
              14.36319978
            ],
            [
              107.414749487,
              14.362092137
            ],
            [
              107.429650812,
              14.380711196
            ],
            [
              107.428083381,
              14.383044772
            ],
            [
              107.421330958,
              14.381723522
            ],
            [
              107.418187135,
              14.385579542
            ],
            [
              107.42123959,
              14.395976954
            ],
            [
              107.418683072,
              14.408865152
            ],
            [
              107.425396555,
              14.4178344
            ],
            [
              107.435180334,
              14.416111405
            ],
            [
              107.439406402,
              14.421629632
            ],
            [
              107.448154586,
              14.426057991
            ],
            [
              107.45752507,
              14.420166983
            ],
            [
              107.455900619,
              14.417287119
            ],
            [
              107.461167903,
              14.405992774
            ],
            [
              107.468510713,
              14.405220891
            ],
            [
              107.474180535,
              14.408290041
            ],
            [
              107.482948517,
              14.403447347
            ],
            [
              107.489120026,
              14.407553653
            ],
            [
              107.489871357,
              14.431067038
            ],
            [
              107.496415238,
              14.435516671
            ],
            [
              107.501287389,
              14.454814866
            ],
            [
              107.50453996,
              14.459212345
            ],
            [
              107.499444358,
              14.465492394
            ],
            [
              107.503748767,
              14.476653188
            ],
            [
              107.502887405,
              14.482661835
            ],
            [
              107.508062594,
              14.488606097
            ],
            [
              107.508491093,
              14.495732939
            ],
            [
              107.511995521,
              14.497619821
            ],
            [
              107.511950453,
              14.502065456
            ],
            [
              107.507312336,
              14.508840829
            ],
            [
              107.515211241,
              14.511663003
            ],
            [
              107.5242502,
              14.524638676
            ],
            [
              107.52235518,
              14.530764689
            ],
            [
              107.526521317,
              14.536491478
            ],
            [
              107.526933171,
              14.546790194
            ],
            [
              107.531627981,
              14.553608199
            ],
            [
              107.528558673,
              14.560128553
            ],
            [
              107.52434893,
              14.56141424
            ],
            [
              107.522491263,
              14.579464839
            ],
            [
              107.516774336,
              14.586490716
            ],
            [
              107.521812898,
              14.588916728
            ],
            [
              107.524277338,
              14.598239237
            ],
            [
              107.534016781,
              14.599278431
            ],
            [
              107.542543766,
              14.605958911
            ],
            [
              107.544968711,
              14.611751738
            ],
            [
              107.543263881,
              14.617303427
            ],
            [
              107.538285835,
              14.620219662
            ],
            [
              107.538620073,
              14.623650361
            ],
            [
              107.549160535,
              14.651391326
            ],
            [
              107.548257294,
              14.658269857
            ],
            [
              107.554645112,
              14.666690062
            ],
            [
              107.550173107,
              14.670936682
            ],
            [
              107.549179383,
              14.67848399
            ],
            [
              107.556267633,
              14.685694444
            ],
            [
              107.54421575,
              14.686981146
            ],
            [
              107.537274443,
              14.690252995
            ],
            [
              107.550034261,
              14.701322221
            ],
            [
              107.544810881,
              14.721365405
            ],
            [
              107.521183876,
              14.727467267
            ],
            [
              107.54182741,
              14.750771747
            ],
            [
              107.53035135,
              14.771306769
            ],
            [
              107.505194272,
              14.786147937
            ],
            [
              107.522505893,
              14.813489315
            ],
            [
              107.539324006,
              14.819229163
            ],
            [
              107.59142066,
              14.873630186
            ],
            [
              107.583888556,
              14.892602731
            ],
            [
              107.539376579,
              14.908387082
            ],
            [
              107.530111046,
              14.927858109
            ],
            [
              107.506099639,
              14.929003027
            ],
            [
              107.484625533,
              14.949806985
            ],
            [
              107.48205996,
              14.970406496
            ],
            [
              107.466691371,
              14.985338162
            ],
            [
              107.478128828,
              14.992477379
            ],
            [
              107.467632018,
              15.007380826
            ],
            [
              107.472675901,
              15.019594795
            ],
            [
              107.501062037,
              15.021758599
            ],
            [
              107.540336083,
              15.049757437
            ],
            [
              107.583601474,
              15.028420771
            ],
            [
              107.594112539,
              15.05140142
            ],
            [
              107.621364764,
              15.05119292
            ],
            [
              107.597896079,
              15.087972902
            ],
            [
              107.62233584,
              15.104033867
            ],
            [
              107.607867818,
              15.132486981
            ],
            [
              107.622219396,
              15.133996926
            ],
            [
              107.627798317,
              15.149436623
            ],
            [
              107.582074692,
              15.200460831
            ],
            [
              107.595048337,
              15.212306798
            ],
            [
              107.603240783,
              15.202803271
            ],
            [
              107.62097246,
              15.212005914
            ],
            [
              107.620901191,
              15.22579547
            ],
            [
              107.633491192,
              15.230402013
            ],
            [
              107.61847961,
              15.246586692
            ],
            [
              107.615177749,
              15.28823451
            ],
            [
              107.634912672,
              15.318330615
            ],
            [
              107.626247362,
              15.332679982
            ],
            [
              107.610465074,
              15.334331839
            ],
            [
              107.609204831,
              15.367450879
            ],
            [
              107.596393114,
              15.382686273
            ],
            [
              107.623782118,
              15.415783042
            ],
            [
              107.603726673,
              15.421414317
            ],
            [
              107.560608566,
              15.394572682
            ],
            [
              107.518688215,
              15.415965604
            ],
            [
              107.526972361,
              15.438369882
            ],
            [
              107.514030047,
              15.47269699
            ],
            [
              107.477809402,
              15.478286149
            ],
            [
              107.482548571,
              15.488800575
            ],
            [
              107.470483736,
              15.498414315
            ],
            [
              107.450840607,
              15.504063645
            ],
            [
              107.433311403,
              15.502810963
            ],
            [
              107.429485131,
              15.490358076
            ],
            [
              107.382802909,
              15.493972075
            ],
            [
              107.364999764,
              15.569933147
            ],
            [
              107.342845429,
              15.575628566
            ],
            [
              107.353404936,
              15.590887708
            ],
            [
              107.342944166,
              15.61393798
            ],
            [
              107.277278295,
              15.633432212
            ],
            [
              107.277242273,
              15.652618097
            ],
            [
              107.264887465,
              15.65463265
            ],
            [
              107.276233246,
              15.707214846
            ],
            [
              107.250132692,
              15.724704338
            ],
            [
              107.249481685,
              15.744578997
            ],
            [
              107.213388377,
              15.738767358
            ],
            [
              107.21116427,
              15.755206454
            ],
            [
              107.229740541,
              15.783715491
            ],
            [
              107.228896849,
              15.805037223
            ],
            [
              107.211305174,
              15.825446611
            ],
            [
              107.221484564,
              15.835657982
            ],
            [
              107.302825257,
              15.865713626
            ],
            [
              107.328213809,
              15.88988419
            ],
            [
              107.371209356,
              15.898343909
            ],
            [
              107.385071901,
              15.886640554
            ],
            [
              107.415035594,
              15.91186266
            ],
            [
              107.447104298,
              15.981224099
            ],
            [
              107.443220729,
              15.990339889
            ],
            [
              107.46735109,
              16.025034937
            ],
            [
              107.446702355,
              16.041053054
            ],
            [
              107.461460661,
              16.073215199
            ],
            [
              107.447503369,
              16.091385507
            ],
            [
              107.429659714,
              16.078324158
            ],
            [
              107.408167555,
              16.083150667
            ],
            [
              107.399721188,
              16.062522853
            ],
            [
              107.377596746,
              16.073469031
            ],
            [
              107.366409759,
              16.061624892
            ],
            [
              107.333964915,
              16.055094235
            ],
            [
              107.28414206,
              16.118929815
            ],
            [
              107.27077127,
              16.11751556
            ],
            [
              107.262622035,
              16.136958885
            ],
            [
              107.243615858,
              16.14778386
            ],
            [
              107.224717715,
              16.137632179
            ],
            [
              107.194577394,
              16.144794488
            ],
            [
              107.160081633,
              16.168038532
            ],
            [
              107.144524178,
              16.213610083
            ],
            [
              107.156377625,
              16.256584
            ],
            [
              107.087879262,
              16.311269811
            ],
            [
              107.051934941,
              16.30649384
            ],
            [
              107.047551078,
              16.296699113
            ],
            [
              107.005634001,
              16.313251541
            ],
            [
              106.969735232,
              16.301812255
            ],
            [
              106.963234141,
              16.358523524
            ],
            [
              106.918149776,
              16.373302663
            ],
            [
              106.891792451,
              16.408429094
            ],
            [
              106.900139719,
              16.426524086
            ],
            [
              106.87180675,
              16.428740802
            ],
            [
              106.888838779,
              16.451974503
            ],
            [
              106.876333759,
              16.47001828
            ],
            [
              106.890788668,
              16.511293523
            ],
            [
              106.862048248,
              16.541045991
            ],
            [
              106.830781854,
              16.548992823
            ],
            [
              106.801933971,
              16.463776839
            ],
            [
              106.78925023,
              16.473506946
            ],
            [
              106.77083302,
              16.467450672
            ],
            [
              106.774977918,
              16.442551495
            ],
            [
              106.763400582,
              16.425087113
            ],
            [
              106.746467105,
              16.423912476
            ],
            [
              106.739399067,
              16.411731531
            ],
            [
              106.734203709,
              16.439779301
            ],
            [
              106.724465516,
              16.435443272
            ],
            [
              106.726421271,
              16.425169262
            ],
            [
              106.6872345,
              16.439659387
            ],
            [
              106.692762173,
              16.449956844
            ],
            [
              106.683832233,
              16.458123618
            ],
            [
              106.67567219,
              16.452553023
            ],
            [
              106.673329262,
              16.476336051
            ],
            [
              106.660701246,
              16.473150345
            ],
            [
              106.665262219,
              16.504045636
            ],
            [
              106.647089184,
              16.522681933
            ],
            [
              106.647691389,
              16.540953528
            ],
            [
              106.671998126,
              16.559396029
            ],
            [
              106.66234561,
              16.572424897
            ],
            [
              106.66721772,
              16.584057239
            ],
            [
              106.656460198,
              16.581537961
            ],
            [
              106.64516008,
              16.59393173
            ],
            [
              106.628287259,
              16.582192015
            ],
            [
              106.626210689,
              16.601204244
            ],
            [
              106.614772721,
              16.606402195
            ],
            [
              106.584690926,
              16.602100497
            ],
            [
              106.589902338,
              16.622772877
            ],
            [
              106.564404605,
              16.643800924
            ],
            [
              106.5515749,
              16.694595148
            ],
            [
              106.551075456,
              16.86664485
            ],
            [
              106.515202345,
              16.896968254
            ],
            [
              106.519849041,
              16.92154537
            ],
            [
              106.54741387,
              16.9258162
            ],
            [
              106.54974864770998,
              16.997286119876374
            ],
            [
              106.549804403,
              16.998992846
            ],
            [
              107.3,
              17.0
            ],
            [
              108.0,
              17.216666667
            ],
            [
              108.743611111,
              17.419444444
            ],
            [
              110.345277778,
              16.0
            ],
            [
              110.698055556,
              15.679444444
            ],
            [
              112.0,
              14.5
            ],
            [
              114.0,
              14.5
            ],
            [
              114.0,
              10.5
            ],
            [
              112.368888889,
              9.564722222
            ],
            [
              108.0,
              7.0
            ],
            [
              104.843055556,
              7.0
            ],
            [
              103.0,
              7.0
            ]
          ],
          [
            [
              106.460884465,
              16.998005241
            ],
            [
              106.436442633,
              16.998994152
            ],
            [
              106.543252813,
              16.998992919
            ],
            [
              106.513061851,
              16.971662092
            ],
            [
              106.466233189,
              16.986282096
            ],
            [
              106.460884465,
              16.998005241
            ]
          ],
          [
            [
              106.97916665,
              10.87916665
            ],
            [
              106.638333333,
              11.088055556
            ],
            [
              107.447222222,
              10.590833333
            ],
            [
              106.97916665,
              10.87916665
            ]
          ]
        ]
      }
    },
    {
      "type": "Feature",
      "properties": {
        "id": "VVHN",
        "name": "Ha Noi FIR",
        "ring_count": 1,
        "total_points": 416
      },
      "geometry": {
        "type": "Polygon",
        "coordinates": [
          [
            [
              107.681388889,
              18.341111111
            ],
            [
              108.743611111,
              17.419444444
            ],
            [
              108.0,
              17.216666667
            ],
            [
              107.3,
              17.0
            ],
            [
              106.54988411,
              17.0
            ],
            [
              106.547920247,
              17.009656328
            ],
            [
              106.543592641,
              17.0
            ],
            [
              106.435840331,
              17.0
            ],
            [
              106.424678022,
              17.031950901
            ],
            [
              106.402292081,
              17.052216431
            ],
            [
              106.416625564,
              17.078350301
            ],
            [
              106.373276869,
              17.111004166
            ],
            [
              106.347462772,
              17.148058246
            ],
            [
              106.356260923,
              17.158729457
            ],
            [
              106.321146059,
              17.191915816
            ],
            [
              106.328066489,
              17.197990445
            ],
            [
              106.302751523,
              17.209088312
            ],
            [
              106.307489924,
              17.218660818
            ],
            [
              106.325117488,
              17.215921973
            ],
            [
              106.334069607,
              17.229832647
            ],
            [
              106.307957847,
              17.239066825
            ],
            [
              106.318410504,
              17.249277488
            ],
            [
              106.305265159,
              17.257247886
            ],
            [
              106.303870182,
              17.295267957
            ],
            [
              106.275189073,
              17.295891091
            ],
            [
              106.279253492,
              17.268536702
            ],
            [
              106.250133585,
              17.244107271
            ],
            [
              106.189820297,
              17.279471195
            ],
            [
              106.145533383,
              17.311689037
            ],
            [
              106.13453687,
              17.335067737
            ],
            [
              106.092112266,
              17.360102726
            ],
            [
              105.852828946,
              17.620734005
            ],
            [
              105.854298423,
              17.634436741
            ],
            [
              105.836053438,
              17.629975262
            ],
            [
              105.82825583,
              17.654433937
            ],
            [
              105.816164707,
              17.644741923
            ],
            [
              105.781707808,
              17.675151944
            ],
            [
              105.750907401,
              17.668925772
            ],
            [
              105.743486073,
              17.721837917
            ],
            [
              105.729293233,
              17.722487016
            ],
            [
              105.729973424,
              17.744710618
            ],
            [
              105.701179012,
              17.761708759
            ],
            [
              105.675886672,
              17.794272964
            ],
            [
              105.683175556,
              17.834366355
            ],
            [
              105.662181764,
              17.855545752
            ],
            [
              105.639287242,
              17.858284864
            ],
            [
              105.608902592,
              17.890529959
            ],
            [
              105.623726,
              17.942958453
            ],
            [
              105.642374065,
              17.962770673
            ],
            [
              105.643701129,
              17.992186009
            ],
            [
              105.61442961,
              18.011734613
            ],
            [
              105.597562286,
              18.002611445
            ],
            [
              105.58267508,
              18.012540286
            ],
            [
              105.585739717,
              18.043062155
            ],
            [
              105.57125482,
              18.083813584
            ],
            [
              105.540678427,
              18.081455269
            ],
            [
              105.535563343,
              18.114055617
            ],
            [
              105.504921552,
              18.126272525
            ],
            [
              105.512661096,
              18.150226807
            ],
            [
              105.500474229,
              18.18952355
            ],
            [
              105.488862186,
              18.175827158
            ],
            [
              105.492198589,
              18.2022989
            ],
            [
              105.44307553,
              18.203994473
            ],
            [
              105.439049529,
              18.181296845
            ],
            [
              105.420409162,
              18.183344212
            ],
            [
              105.410157556,
              18.154355834
            ],
            [
              105.383762738,
              18.169954276
            ],
            [
              105.367570812,
              18.161032012
            ],
            [
              105.35279158,
              18.183695204
            ],
            [
              105.336125003,
              18.182140279
            ],
            [
              105.337978755,
              18.190884966
            ],
            [
              105.320024357,
              18.200800859
            ],
            [
              105.328682003,
              18.264824367
            ],
            [
              105.310190066,
              18.265403887
            ],
            [
              105.299714926,
              18.236219519
            ],
            [
              105.299671687,
              18.254700405
            ],
            [
              105.256752417,
              18.258702504
            ],
            [
              105.243169526,
              18.295753539
            ],
            [
              105.184379607,
              18.324901562
            ],
            [
              105.184819089,
              18.385787278
            ],
            [
              105.150110664,
              18.388826306
            ],
            [
              105.139907033,
              18.419204073
            ],
            [
              105.120593143,
              18.419218662
            ],
            [
              105.1041483,
              18.447243354
            ],
            [
              105.11641432,
              18.539115688
            ],
            [
              105.140328322,
              18.56235645
            ],
            [
              105.135136379,
              18.592022102
            ],
            [
              105.15945651,
              18.61327209
            ],
            [
              105.190248661,
              18.603598209
            ],
            [
              105.199051712,
              18.638339519
            ],
            [
              105.140183107,
              18.680068838
            ],
            [
              105.133886421,
              18.688519376
            ],
            [
              105.144602209,
              18.701443403
            ],
            [
              105.13336279,
              18.714702609
            ],
            [
              105.105749257,
              18.703813024
            ],
            [
              105.051390969,
              18.706300643
            ],
            [
              105.059205314,
              18.723802844
            ],
            [
              105.019381618,
              18.730856629
            ],
            [
              105.022416972,
              18.748129744
            ],
            [
              104.997506242,
              18.736464065
            ],
            [
              104.990181739,
              18.744280794
            ],
            [
              104.942900826,
              18.73840211
            ],
            [
              104.938135647,
              18.773692496
            ],
            [
              104.911818642,
              18.790531174
            ],
            [
              104.872508296,
              18.786447016
            ],
            [
              104.856725622,
              18.774495561
            ],
            [
              104.841342629,
              18.785424819
            ],
            [
              104.795215589,
              18.784058125
            ],
            [
              104.784470592,
              18.801972924
            ],
            [
              104.739817711,
              18.800754487
            ],
            [
              104.736749786,
              18.815145367
            ],
            [
              104.721038288,
              18.817563627
            ],
            [
              104.715087802,
              18.840455462
            ],
            [
              104.67640158,
              18.837386111
            ],
            [
              104.655703976,
              18.865373757
            ],
            [
              104.63001,
              18.87597943
            ],
            [
              104.628098391,
              18.887938892
            ],
            [
              104.578689486,
              18.90222047
            ],
            [
              104.530035626,
              18.985387093
            ],
            [
              104.513228461,
              18.981299284
            ],
            [
              104.505496107,
              18.997494048
            ],
            [
              104.484723571,
              19.005388055
            ],
            [
              104.472758746,
              18.988834742
            ],
            [
              104.448174825,
              18.986488936
            ],
            [
              104.423105275,
              19.00624302
            ],
            [
              104.426153414,
              19.015312311
            ],
            [
              104.401154803,
              19.038593014
            ],
            [
              104.398658398,
              19.057992298
            ],
            [
              104.310275017,
              19.089222276
            ],
            [
              104.300205465,
              19.113419905
            ],
            [
              104.281251789,
              19.119923253
            ],
            [
              104.250296579,
              19.110118572
            ],
            [
              104.214194825,
              19.120284609
            ],
            [
              104.226216246,
              19.153135102
            ],
            [
              104.200893703,
              19.161247157
            ],
            [
              104.181613534,
              19.197932271
            ],
            [
              104.131233515,
              19.203651177
            ],
            [
              104.112865117,
              19.223324517
            ],
            [
              104.10333378,
              19.212030033
            ],
            [
              104.071297424,
              19.246965034
            ],
            [
              103.999891014,
              19.23014513
            ],
            [
              103.961965548,
              19.251134185
            ],
            [
              103.915950528,
              19.302364646
            ],
            [
              103.875405604,
              19.306944919
            ],
            [
              103.884215592,
              19.325847234
            ],
            [
              103.909511263,
              19.330347809
            ],
            [
              103.952798687,
              19.357954062
            ],
            [
              103.95717264,
              19.3828799
            ],
            [
              103.975978626,
              19.398379666
            ],
            [
              104.012996184,
              19.402244826
            ],
            [
              104.050615039,
              19.425847755
            ],
            [
              104.070338707,
              19.416166646
            ],
            [
              104.075904865,
              19.448686161
            ],
            [
              104.064931773,
              19.453022073
            ],
            [
              104.086156168,
              19.466779423
            ],
            [
              104.09232346,
              19.489897863
            ],
            [
              104.111627382,
              19.489344838
            ],
            [
              104.123408378,
              19.502362421
            ],
            [
              104.103892968,
              19.523175377
            ],
            [
              104.10924622178865,
              19.529973865994233
            ],
            [
              104.109166667,
              19.53
            ],
            [
              104.109936423,
              19.541037833
            ],
            [
              104.104943617,
              19.554344856
            ],
            [
              104.107451043,
              19.569739674
            ],
            [
              104.086847499,
              19.580812871
            ],
            [
              104.072805298,
              19.604875076
            ],
            [
              104.062778002,
              19.611612076
            ],
            [
              104.062068446,
              19.625441916
            ],
            [
              104.069483382,
              19.636207823
            ],
            [
              104.057537483,
              19.651947596
            ],
            [
              104.070441454,
              19.666029772
            ],
            [
              104.070631955,
              19.681990433
            ],
            [
              104.09346189,
              19.665139038
            ],
            [
              104.110057004,
              19.660180373
            ],
            [
              104.133603575,
              19.660169367
            ],
            [
              104.157377461,
              19.670743805
            ],
            [
              104.156549758,
              19.68600664
            ],
            [
              104.163156299,
              19.69649207
            ],
            [
              104.176237663,
              19.687876205
            ],
            [
              104.18122641,
              19.693444576
            ],
            [
              104.200012312,
              19.69241834
            ],
            [
              104.20997023,
              19.702773756
            ],
            [
              104.235978473,
              19.707472533
            ],
            [
              104.262956306,
              19.703677988
            ],
            [
              104.270110494,
              19.696626177
            ],
            [
              104.286708003,
              19.693922845
            ],
            [
              104.305021209,
              19.697131655
            ],
            [
              104.32248814,
              19.684202098
            ],
            [
              104.32019095,
              19.667330153
            ],
            [
              104.337426035,
              19.676097256
            ],
            [
              104.350137883,
              19.691501857
            ],
            [
              104.389421975,
              19.699351322
            ],
            [
              104.39925643,
              19.697173121
            ],
            [
              104.404373893,
              19.704623996
            ],
            [
              104.418738779,
              19.705801053
            ],
            [
              104.423570903,
              19.699074475
            ],
            [
              104.419976621,
              19.6931378
            ],
            [
              104.426260737,
              19.672759501
            ],
            [
              104.448288877,
              19.670390178
            ],
            [
              104.443371712,
              19.659134981
            ],
            [
              104.464357656,
              19.648850723
            ],
            [
              104.477259646,
              19.6548953
            ],
            [
              104.490874809,
              19.653923361
            ],
            [
              104.49933657,
              19.635808259
            ],
            [
              104.50581119,
              19.631127897
            ],
            [
              104.505771023,
              19.623753291
            ],
            [
              104.526310925,
              19.612984591
            ],
            [
              104.53741353,
              19.612121371
            ],
            [
              104.545295832,
              19.619040206
            ],
            [
              104.559493655,
              19.610154659
            ],
            [
              104.571273142,
              19.614048782
            ],
            [
              104.579082885,
              19.626428987
            ],
            [
              104.610732747,
              19.633423598
            ],
            [
              104.635535916,
              19.622278563
            ],
            [
              104.644315062,
              19.622831366
            ],
            [
              104.652752066,
              19.636704968
            ],
            [
              104.6461283,
              19.653998573
            ],
            [
              104.660418506,
              19.659735494
            ],
            [
              104.660265861,
              19.67264073
            ],
            [
              104.671159525,
              19.683663397
            ],
            [
              104.663089282,
              19.702501149
            ],
            [
              104.678132502,
              19.710676462
            ],
            [
              104.684762222,
              19.721869015
            ],
            [
              104.696178821,
              19.724505504
            ],
            [
              104.700864544,
              19.735813101
            ],
            [
              104.724116286,
              19.754881514
            ],
            [
              104.73089312,
              19.756200214
            ],
            [
              104.740382546,
              19.749255982
            ],
            [
              104.757578747,
              19.750529003
            ],
            [
              104.760076539,
              19.759155852
            ],
            [
              104.768292112,
              19.764281287
            ],
            [
              104.764238915,
              19.77672762
            ],
            [
              104.77662414,
              19.776305271
            ],
            [
              104.783268656,
              19.783628515
            ],
            [
              104.799351345,
              19.790262735
            ],
            [
              104.818738849,
              19.784322187
            ],
            [
              104.832919611,
              19.791710559
            ],
            [
              104.838308315,
              19.80230157
            ],
            [
              104.83615117,
              19.824125875
            ],
            [
              104.8488176,
              19.843643858
            ],
            [
              104.833797511,
              19.853145993
            ],
            [
              104.850247794,
              19.871405874
            ],
            [
              104.841677598,
              19.887111538
            ],
            [
              104.845553771,
              19.906443207
            ],
            [
              104.850448997,
              19.912216128
            ],
            [
              104.841836936,
              19.916431152
            ],
            [
              104.844436357,
              19.926160829
            ],
            [
              104.864177979,
              19.945430048
            ],
            [
              104.887327849,
              19.952785773
            ],
            [
              104.903618771,
              19.96662059
            ],
            [
              104.910334507,
              19.977090555
            ],
            [
              104.911531842,
              19.988699837
            ],
            [
              104.921244159,
              19.997907905
            ],
            [
              104.913895355,
              19.996601703
            ],
            [
              104.912038068,
              20.001327464
            ],
            [
              104.920019669,
              20.009438547
            ],
            [
              104.918277023,
              20.015765393
            ],
            [
              104.936398162,
              20.038963614
            ],
            [
              104.960316249,
              20.050581777
            ],
            [
              104.962924562,
              20.05678342
            ],
            [
              104.973032001,
              20.062707995
            ],
            [
              104.976003911,
              20.079406887
            ],
            [
              104.991248089,
              20.094577028
            ],
            [
              104.963985288,
              20.100887079
            ],
            [
              104.960970289,
              20.112149556
            ],
            [
              104.930402789,
              20.130363581
            ],
            [
              104.921727179,
              20.141401531
            ],
            [
              104.92189254,
              20.145482876
            ],
            [
              104.93009238,
              20.150896368
            ],
            [
              104.927410423,
              20.158646531
            ],
            [
              104.882991843,
              20.14365799
            ],
            [
              104.859457386,
              20.142913124
            ],
            [
              104.85542331,
              20.14754501
            ],
            [
              104.842175009,
              20.148911566
            ],
            [
              104.835841148,
              20.156591836
            ],
            [
              104.830484796,
              20.156048923
            ],
            [
              104.823381194,
              20.161103963
            ],
            [
              104.819954721,
              20.170971431
            ],
            [
              104.775214638,
              20.198254751
            ],
            [
              104.720186625,
              20.20083331
            ],
            [
              104.68562393,
              20.217985533
            ],
            [
              104.669647366,
              20.21801948
            ],
            [
              104.666645485,
              20.227852956
            ],
            [
              104.659598811,
              20.233629017
            ],
            [
              104.643585028,
              20.234609608
            ],
            [
              104.630734825,
              20.229236398
            ],
            [
              104.614187611,
              20.242899597
            ],
            [
              104.610277778,
              20.255
            ],
            [
              104.609352228,
              20.255668239
            ],
            [
              104.617316787,
              20.361164004
            ],
            [
              104.718650636,
              20.407077828
            ],
            [
              104.670033086,
              20.468284224
            ],
            [
              104.468099493,
              20.368795676
            ],
            [
              104.414765418,
              20.381051628
            ],
            [
              104.374475763,
              20.465312547
            ],
            [
              104.639456263,
              20.663855945
            ],
            [
              104.495191934,
              20.715063523
            ],
            [
              104.482930161,
              20.767711102
            ],
            [
              104.288269494,
              20.923277062
            ],
            [
              104.250948618,
              20.900109535
            ],
            [
              104.109403397,
              20.975779773
            ],
            [
              104.031630431,
              20.903629604
            ],
            [
              103.893545669,
              20.903951209
            ],
            [
              103.801834195,
              20.852316291
            ],
            [
              103.792064701,
              20.750845957
            ],
            [
              103.731565929,
              20.733666921
            ],
            [
              103.741414311,
              20.674066799
            ],
            [
              103.680633855,
              20.663829342
            ],
            [
              103.603232116,
              20.742494693
            ],
            [
              103.514746707,
              20.75188303
            ],
            [
              103.460703286,
              20.82822753
            ],
            [
              103.384150056,
              20.785331232
            ],
            [
              103.23702789,
              20.833091036
            ],
            [
              103.214825231,
              20.898527865
            ],
            [
              103.116652848,
              20.895715526
            ],
            [
              103.034199383,
              21.058193303
            ],
            [
              102.971412475,
              21.068655989
            ],
            [
              102.90323394,
              21.165705367
            ],
            [
              102.909614136,
              21.231232858
            ],
            [
              102.811692793,
              21.251288714
            ],
            [
              102.896551277,
              21.303432087
            ],
            [
              102.94202278,
              21.455923059
            ],
            [
              102.869720355,
              21.429454414
            ],
            [
              102.991956666,
              21.585917866
            ],
            [
              102.974447365,
              21.745042872
            ],
            [
              102.87751194,
              21.702403099
            ],
            [
              102.825344633,
              21.843540309
            ],
            [
              102.826439702,
              21.73596556
            ],
            [
              102.749208868,
              21.664188099
            ],
            [
              102.674698529,
              21.654845529
            ],
            [
              102.613109661,
              21.919051423
            ],
            [
              102.503324902,
              21.976597271
            ],
            [
              102.518962443,
              22.02995582
            ],
            [
              102.433854102,
              22.111928308
            ],
            [
              102.242658568,
              22.237780189
            ],
            [
              102.148080621,
              22.39171278
            ],
            [
              102.169440552,
              22.431109976
            ],
            [
              102.266615412,
              22.419464462
            ],
            [
              102.250673818,
              22.462477529
            ],
            [
              102.418508329,
              22.636223277
            ],
            [
              102.384436449,
              22.676896376
            ],
            [
              102.480009148,
              22.777393516
            ],
            [
              102.573492179,
              22.705704698
            ],
            [
              102.604359895,
              22.73414792
            ],
            [
              102.863869525,
              22.608457566
            ],
            [
              102.93235205,
              22.483846315
            ],
            [
              103.031551768,
              22.443027452
            ],
            [
              103.181745052,
              22.557552322
            ],
            [
              103.185296405,
              22.644763076
            ],
            [
              103.282162331,
              22.683633568
            ],
            [
              103.318262526,
              22.816091678
            ],
            [
              103.433413644,
              22.758819048
            ],
            [
              103.456512939,
              22.659014955
            ],
            [
              103.529766511,
              22.594822317
            ],
            [
              103.575103103,
              22.722294261
            ],
            [
              103.661521173,
              22.788404718
            ],
            [
              103.973613413,
              22.506715584
            ],
            [
              104.012327152,
              22.523291244
            ],
            [
              104.039688717,
              22.724115603
            ],
            [
              104.114542156,
              22.810803499
            ],
            [
              104.273926939,
              22.83971243
            ],
            [
              104.269450859,
              22.741482851
            ],
            [
              104.375611682,
              22.692461892
            ],
            [
              104.579857388,
              22.852563858
            ],
            [
              104.599075442,
              22.816608744
            ],
            [
              104.624232441,
              22.846717175
            ],
            [
              104.732097926,
              22.823276364
            ],
            [
              104.776447466,
              22.903312933
            ],
            [
              104.859089014,
              22.945591497
            ],
            [
              104.796095498,
              23.129004637
            ],
            [
              104.871606025,
              23.125414731
            ],
            [
              104.895030329,
              23.179033527
            ],
            [
              104.949630484,
              23.171529447
            ],
            [
              105.084839634,
              23.269047349
            ],
            [
              105.211297156,
              23.267040256
            ],
            [
              105.321478736,
              23.392505487
            ],
            [
              105.58506157,
              23.148840936
            ],
            [
              105.569660007,
              23.075617125
            ],
            [
              105.734778031,
              23.060259763
            ],
            [
              105.872534736,
              22.92675095
            ],
            [
              105.992338264,
              22.940487216
            ],
            [
              106.000421495,
              22.990834507
            ],
            [
              106.195461416,
              22.99177566
            ],
            [
              106.280985185,
              22.870540482
            ],
            [
              106.407371533,
              22.875982558
            ],
            [
              106.514250732,
              22.947242157
            ],
            [
              106.82791744,
              22.812674613
            ],
            [
              106.765436606,
              22.742539877
            ],
            [
              106.73222381,
              22.590238073
            ],
            [
              106.61084145,
              22.60410541
            ],
            [
              106.56057649,
              22.456113238
            ],
            [
              106.559902103,
              22.349166679
            ],
            [
              106.652649624,
              22.339839486
            ],
            [
              106.691883069,
              22.274439652
            ],
            [
              106.699763678,
              21.967996133
            ],
            [
              106.773664575,
              22.009991539
            ],
            [
              106.913172104,
              21.975768994
            ],
            [
              106.95826026,
              21.921043541
            ],
            [
              106.992910508,
              21.953841064
            ],
            [
              107.059351079,
              21.932060446
            ],
            [
              107.025251823,
              21.820030029
            ],
            [
              107.237623898,
              21.707437526
            ],
            [
              107.302210726,
              21.741902115
            ],
            [
              107.364114066,
              21.59945305
            ],
            [
              107.461175675,
              21.663331871
            ],
            [
              107.486226649,
              21.600356978
            ],
            [
              107.543016687,
              21.589428941
            ],
            [
              107.856787169,
              21.654962225
            ],
            [
              107.953127556,
              21.538506404
            ],
            [
              108.038514886,
              21.543188337
            ],
            [
              108.106831789,
              21.47553076
            ],
            [
              108.208611111,
              21.209722222
            ],
            [
              108.0,
              20.5
            ],
            [
              107.929722222,
              19.959166667
            ],
            [
              107.189722222,
              19.267777778
            ],
            [
              107.681388889,
              18.341111111
            ]
          ]
        ]
      }
    }
  ]
}